stock_code,description,revenue,units,orders
GP0031,Demo product GP0031,34061.95,695,163
GP0014,Demo product GP0014,23955.75,945,214
GP0011,Demo product GP0011,22723.739999999998,1053,233
GP0027,Demo product GP0027,22609.859999999997,1313,284
GP0058,Demo product GP0058,21181.019999999997,658,138
GP0012,Demo product GP0012,20503.0,1015,223
GP0004,Demo product GP0004,20384.6,908,194
GP0003,Demo product GP0003,20177.28,1017,221
GP0079,Demo product GP0079,18922.2,1034,229
GP0065,Demo product GP0065,18701.78,967,221
GP0035,Demo product GP0035,17689.14,973,218
GP0036,Demo product GP0036,16522.38,651,147
GP0060,Demo product GP0060,15910.56,696,151
GP0001,Demo product GP0001,15503.4,1044,230
GP0023,Demo product GP0023,15291.99,567,125
GP0069,Demo product GP0069,15236.480000000001,716,165
GP0066,Demo product GP0066,14993.999999999998,735,161
GP0041,Demo product GP0041,14950.75,757,164
GP0015,Demo product GP0015,13950.95,845,187
GP0052,Demo product GP0052,13843.439999999999,754,165
