Invoice,StockCode,Description,Quantity,InvoiceDate,Price,Customer ID,Country
489434,85048,15CM CHRISTMAS GLASS BALL 20 LIGHTS,12,2009-12-01 07:45:00,6.95,13085,United Kingdom
489434,79323P,PINK CHERRY LIGHTS,12,2009-12-01 07:45:00,6.75,13085,United Kingdom
C489449,22087,PAPER BUNTING WHITE LACE,-12,2009-12-01 10:33:00,2.95,16321,Australia
489460,22086,PAPER CHAIN KIT 50'S CHRISTMAS,6,2009-12-01 10:46:00,2.95,17850,United Kingdom
489461,21232,STRAWBERRY CERAMIC TRINKET BOX,24,2009-12-01 10:49:00,1.25,17850,United Kingdom
489462,84879,ASSORTED COLOUR BIRD ORNAMENT,16,2010-01-15 11:12:00,1.69,14688,France
489463,21731,RED TOADSTOOL LED NIGHT LIGHT,0,2010-01-15 11:20:00,1.65,14688,France
489464,22960,JAM MAKING SET WITH JARS,4,2010-02-03 09:30:00,4.25,,United Kingdom
489465,22114,HOT WATER BOTTLE TEA AND SYMPATHY,3,bad-date,3.95,15311,United Kingdom
489466,POST,POSTAGE,1,2010-03-01 12:00:00,-1.00,15311,United Kingdom
C489467,22423,REGENCY CAKESTAND 3 TIER,2,2010-03-02 12:00:00,10.95,15311,United Kingdom
489468,85123A,WHITE HANGING HEART T-LIGHT HOLDER,10,2010-04-01 08:00:00,2.55,13085,United Kingdom
489468,85123A,WHITE HANGING HEART T-LIGHT HOLDER,10,2010-04-01 08:00:00,2.55,13085,United Kingdom
489469,71053,WHITE METAL LANTERN,6,2010-05-10 14:20:00,3.39,17850,Germany
489470,84406B,CREAM CUPID HEARTS COAT HANGER,8,2010-06-01 10:00:00,2.75,17850,Germany
